key,value,unit,scope,source_file,source_sha256,normalizer,captured_at,raw_text,locator,note
料率_地域I,9.310,%,地域I・労使折半,keiro_b_joryu.json,aaaaa01fb91a1902109e5cbe8296f097bee2c8c92f9e1c900200ef5620e87770,桁そろえ,2026-10-02T09:00:00+00:00,9.310,料率.地域I,合成(架空)
料率_地域II,10.07,%,地域II・労使折半,keiro_b_joryu.json,aaaaa01fb91a1902109e5cbe8296f097bee2c8c92f9e1c900200ef5620e87770,桁そろえ,2026-10-02T09:00:00+00:00,10.07,料率.地域II,合成(架空)
料率_地域III,9.64,%,地域III・労使折半,keiro_b_joryu.json,aaaaa01fb91a1902109e5cbe8296f097bee2c8c92f9e1c900200ef5620e87770,桁そろえ,2026-10-02T09:00:00+00:00,9.64,料率.地域III,合成(架空)
上限額_区分A,1310000,円,区分A・月額,keiro_b_kouhyou.txt,1ec58d4bf142adce4d2e78bdc8bdafca9118c8157b60cb3062b6d3d99941930f,そのまま,2026-10-02T09:00:00+00:00,1310000,4,合成(架空)
上限額_区分B,"8,480円",円,区分B・月額,keiro_b_kouhyou.txt,1ec58d4bf142adce4d2e78bdc8bdafca9118c8157b60cb3062b6d3d99941930f,カンマ除去+円,2026-10-02T09:00:00+00:00,"8,480円",5,合成(架空)
最低額_年1,2301,円/日,全区分・計算から,keiro_b_kouhyou.txt,1ec58d4bf142adce4d2e78bdc8bdafca9118c8157b60cb3062b6d3d99941930f,そのまま,2026-10-02T09:00:00+00:00,2301,6,合成(架空)
最低額_年2,2418,円/日,全区分・計算から,keiro_b_kouhyou.txt,1ec58d4bf142adce4d2e78bdc8bdafca9118c8157b60cb3062b6d3d99941930f,そのまま,2026-10-02T09:00:00+00:00,2418,7,合成(架空)
最低額_年3,2570,円/日,全区分・計算から,keiro_b_kouhyou.txt,1ec58d4bf142adce4d2e78bdc8bdafca9118c8157b60cb3062b6d3d99941930f,そのまま,2026-10-02T09:00:00+00:00,2570,8,合成(架空)
適用開始日_給付日数,2017-04-01,日付,,keiro_b_kouhyou.txt,1ec58d4bf142adce4d2e78bdc8bdafca9118c8157b60cb3062b6d3d99941930f,日付,2026-10-02T09:00:00+00:00,2017-04-01,9,合成(架空)。この経路は何を指す日付か宣言していない
支援金率,0.47%,%,事業主のみ,keiro_b_joryu.json,aaaaa01fb91a1902109e5cbe8296f097bee2c8c92f9e1c900200ef5620e87770,パーセント+桁そろえ,2026-10-02T09:00:00+00:00,0.47,拠出金率_事業主のみ,合成(架空)。同じ名前で別の負担区分の数字
日額_区分C,7294,円/日,区分C・日額,keiro_b_kouhyou.txt,1ec58d4bf142adce4d2e78bdc8bdafca9118c8157b60cb3062b6d3d99941930f,そのまま,2026-10-02T09:00:00+00:00,7294,10,合成(架空)。単位の宣言が A と違う
改定率_年1,1.027,倍,全区分,keiro_b_kouhyou.txt,1ec58d4bf142adce4d2e78bdc8bdafca9118c8157b60cb3062b6d3d99941930f,桁そろえ,2026-10-02T09:00:00+00:00,1.027,11,合成(架空)
最低賃金_地域I,"1,204",円/時,地域I,keiro_b_joryu.json,aaaaa01fb91a1902109e5cbe8296f097bee2c8c92f9e1c900200ef5620e87770,カンマ除去,2026-10-02T09:00:00+00:00,"1,204",最低賃金_地域I,合成(架空)。照合相手の経路が無い
業種料率_業種A,0.35%,%,業種A・事業主のみ,keiro_b_joryu.json,aaaaa01fb91a1902109e5cbe8296f097bee2c8c92f9e1c900200ef5620e87770,パーセント+桁そろえ,2026-10-02T09:00:00+00:00,0.35%,業種料率_業種A,合成(架空)。照合相手の経路が無い
