社員番号,氏名,項目,前回,今回,差,備考
000001,山田太郎,健康保険料,19700,19700,0,差がない行
000002,鈴木花子,厚生年金保険料,35990,37515,1525,等級が上がった行
000003,,健康保険料,18200,18200,0,氏名が空
000004,佐藤次郎,介護保険料,,3150,,前回が空
000005,髙﨑一郎,健康保険料,21300,21300,0,異体字だが同値表にある
000006,斎藤三郎,厚生年金保険料,41300,41300,0,斎 と 斉 は同値表に無い
000007,渡辺四郎,健康保険料,17400,17400,0,相手側に同姓同名が 2 件
000008,中村五郎,雇用保険料,1830,1830,0,相手側に見つからない
000009,小林六郎,厚生年金保険料,"1,525",37515,35990,前回にカンマが入っている
000010,加藤七郎,健康保険料,19700,１９７００,0,今回が全角数字
000011,吉田八郎,介護保険料,3150,3150,0,適用開始が平成31年5月1日
000012,松本九郎,健康保険料,20500,20500,0,部署名に波ダッシュ〜が入る
