key,basis,valid_from,valid_to,known_from,known_to,known_quality,priority,value,source,sel_地域,sel_生年月日帯
保険料率_甲,対象月初日,2024-03-01,2025-03-01,2024-02-01,,実値,0,9.50,合成の料率表 2024 年度版(架空),地域A,
保険料率_甲,対象月初日,2024-03-01,2025-03-01,2024-02-01,,実値,0,9.55,合成の料率表 2024 年度版(架空),地域B,
保険料率_甲,対象月初日,2024-03-01,2025-03-01,2024-02-01,,実値,0,9.60,合成の料率表 2024 年度版(架空),地域C,
保険料率_甲,対象月初日,2024-03-01,2025-03-01,2024-02-01,,実値,0,9.65,合成の料率表 2024 年度版(架空),地域D,
保険料率_甲,対象月初日,2024-03-01,2025-03-01,2024-02-01,,実値,0,9.70,合成の料率表 2024 年度版(架空),地域E,
保険料率_甲,対象月初日,2024-03-01,2025-03-01,2024-02-01,,実値,0,9.75,合成の料率表 2024 年度版(架空),地域F,
保険料率_甲,対象月初日,2024-03-01,2025-03-01,2024-02-01,,実値,0,9.80,合成の料率表 2024 年度版(架空),地域G,
保険料率_甲,対象月初日,2024-03-01,2025-03-01,2024-02-01,,実値,0,9.85,合成の料率表 2024 年度版(架空),地域H,
保険料率_甲,対象月初日,2024-03-01,2025-03-01,2024-02-01,,実値,0,9.90,合成の料率表 2024 年度版(架空),地域I,
保険料率_甲,対象月初日,2024-03-01,2025-03-01,2024-02-01,,実値,0,9.95,合成の料率表 2024 年度版(架空),地域J,
保険料率_甲,対象月初日,2024-03-01,2025-03-01,2024-02-01,,実値,0,10.00,合成の料率表 2024 年度版(架空),地域K,
保険料率_甲,対象月初日,2024-03-01,2025-03-01,2024-02-01,,実値,0,10.05,合成の料率表 2024 年度版(架空),地域L,
保険料率_甲,対象月初日,2025-03-01,2026-03-01,2025-02-05,,実値,0,9.60,合成の料率表 2025 年度版(架空),地域A,
保険料率_甲,対象月初日,2025-03-01,2026-03-01,2025-02-05,,実値,0,9.65,合成の料率表 2025 年度版(架空),地域B,
保険料率_甲,対象月初日,2025-03-01,2026-03-01,2025-02-05,,実値,0,9.70,合成の料率表 2025 年度版(架空),地域C,
保険料率_甲,対象月初日,2025-03-01,2026-03-01,2025-02-05,,実値,0,9.75,合成の料率表 2025 年度版(架空),地域D,
保険料率_甲,対象月初日,2025-03-01,2026-03-01,2025-02-05,,実値,0,9.80,合成の料率表 2025 年度版(架空),地域E,
保険料率_甲,対象月初日,2025-03-01,2026-03-01,2025-02-05,,実値,0,9.85,合成の料率表 2025 年度版(架空),地域F,
保険料率_甲,対象月初日,2025-03-01,2026-03-01,2025-02-05,,実値,0,9.90,合成の料率表 2025 年度版(架空),地域G,
保険料率_甲,対象月初日,2025-03-01,2026-03-01,2025-02-05,,実値,0,9.95,合成の料率表 2025 年度版(架空),地域H,
保険料率_甲,対象月初日,2025-03-01,2026-03-01,2025-02-05,,実値,0,10.00,合成の料率表 2025 年度版(架空),地域I,
保険料率_甲,対象月初日,2025-03-01,2026-03-01,2025-02-05,,実値,0,10.05,合成の料率表 2025 年度版(架空),地域J,
保険料率_甲,対象月初日,2025-03-01,2026-03-01,2025-02-05,,実値,0,10.10,合成の料率表 2025 年度版(架空),地域K,
保険料率_甲,対象月初日,2025-03-01,2026-03-01,2025-02-05,,実値,0,10.15,合成の料率表 2025 年度版(架空),地域L,
保険料率_甲,対象月初日,2026-03-01,,2026-02-10,,実値,0,9.70,合成の料率表 2026 年度版(架空),地域A,
保険料率_甲,対象月初日,2026-03-01,,2026-02-10,,実値,0,9.75,合成の料率表 2026 年度版(架空),地域B,
保険料率_甲,対象月初日,2026-03-01,,2026-02-10,,実値,0,9.80,合成の料率表 2026 年度版(架空),地域C,
保険料率_甲,対象月初日,2026-03-01,,2026-02-10,,実値,0,9.85,合成の料率表 2026 年度版(架空),地域D,
保険料率_甲,対象月初日,2026-03-01,,2026-02-10,,実値,0,9.90,合成の料率表 2026 年度版(架空),地域E,
保険料率_甲,対象月初日,2026-03-01,,2026-02-10,,実値,0,9.95,合成の料率表 2026 年度版(架空),地域F,
保険料率_甲,対象月初日,2026-03-01,,2026-02-10,,実値,0,10.00,合成の料率表 2026 年度版(架空),地域G,
保険料率_甲,対象月初日,2026-03-01,,2026-02-10,,実値,0,10.05,合成の料率表 2026 年度版(架空),地域H,
保険料率_甲,対象月初日,2026-03-01,,2026-02-10,,実値,0,10.10,合成の料率表 2026 年度版(架空),地域I,
保険料率_甲,対象月初日,2026-03-01,,2026-02-10,,実値,0,10.15,合成の料率表 2026 年度版(架空),地域J,
保険料率_甲,対象月初日,2026-03-01,,2026-02-10,,実値,0,10.20,合成の料率表 2026 年度版(架空),地域K,
保険料率_甲,対象月初日,2026-03-01,,2026-02-10,,実値,0,10.25,合成の料率表 2026 年度版(架空),地域L,
保険料率_乙,賃金締切日,2024-04-01,2025-04-01,2024-04-01,,仮置き,0,0.60,合成の年度通知 2024(架空),,
保険料率_乙,賃金締切日,2025-04-01,2026-04-01,2025-04-01,,仮置き,0,0.55,合成の年度通知 2025(架空),,
保険料率_乙,賃金締切日,2026-04-01,,2026-04-01,,仮置き,0,0.50,合成の年度通知 2026(架空),,
継続給付_支給率,対象月初日,2023-04-01,2025-04-01,2023-01-20,,実値,0,15,合成の改正通知 2023(架空),,
継続給付_支給率,対象月初日,2025-04-01,,2024-06-10,,実値,0,10,合成の改正通知 2024(架空),,
継続給付_支給率,対象月初日,2025-04-01,2030-04-01,2024-06-10,,実値,10,15,合成の改正通知 2024 附則(架空),,1960年度以前
適用要件_丁,資格取得日,2024-10-01,,2024-05-01,,実値,0,51,合成の適用要件表(架空),,
適用要件_丁,資格取得日,,,2026-06-13,,実値,0,撤廃,合成の改正法(架空、施行日は政令),,
