id,expr,inputs,rounding,valid_from,valid_to,known_from,known_to,known_quality,priority,source
丸めが無い式,報酬 * 2,報酬=case:報酬月額,,2025-04-01,,2025-01-01,,実値,0,合成(架空)
知らない丸めの式,報酬 * 2,報酬=case:報酬月額,銀行丸め,2025-04-01,,2025-01-01,,実値,0,合成(架空)
属性を触る式,報酬.real,報酬=case:報酬月額,丸めない,2025-04-01,,2025-01-01,,実値,0,合成(架空)
添字を使う式,報酬[0],報酬=case:報酬月額,丸めない,2025-04-01,,2025-01-01,,実値,0,合成(架空)
内包表記の式,min(x for x in 報酬),報酬=case:報酬月額,丸めない,2025-04-01,,2025-01-01,,実値,0,合成(架空)
lambda の式,(lambda x: x)(報酬),報酬=case:報酬月額,丸めない,2025-04-01,,2025-01-01,,実値,0,合成(架空)
知らない関数の式,ラウンド(報酬),報酬=case:報酬月額,丸めない,2025-04-01,,2025-01-01,,実値,0,合成(架空)
重なる式,報酬 * 2,報酬=case:報酬月額,丸めない,2025-04-01,2026-04-01,2025-01-01,,実値,0,合成(架空)
重なる式,報酬 * 3,報酬=case:報酬月額,丸めない,2026-01-01,2027-01-01,2025-01-01,,実値,0,合成(架空)
循環A,甲 + 1,甲=formula:循環B,丸めない,2025-04-01,,2025-01-01,,実値,0,合成(架空)
循環B,乙 + 1,乙=formula:循環A,丸めない,2025-04-01,,2025-01-01,,実値,0,合成(架空)
