key,basis,valid_from,valid_to,known_from,known_to,known_quality,priority,value,source,sel_地域
料率_甲,対象月初日,2024-03-01,2025-03-01,2024-02-01,,実値,0,9.50,合成の料率表 2024 年度版(架空),地域A
料率_甲,対象月初日,2024-03-01,2025-03-01,2024-02-01,,実値,0,9.55,合成の料率表 2024 年度版(架空),地域B
料率_甲,対象月初日,2024-03-01,2025-03-01,2024-02-01,,実値,0,9.60,合成の料率表 2024 年度版(架空),地域C
料率_甲,対象月初日,2024-03-01,2025-03-01,2024-02-01,,実値,0,9.65,合成の料率表 2024 年度版(架空),地域D
料率_甲,対象月初日,2024-03-01,2025-03-01,2024-02-01,,実値,0,9.70,合成の料率表 2024 年度版(架空),地域E
料率_甲,対象月初日,2024-03-01,2025-03-01,2024-02-01,,実値,0,9.75,合成の料率表 2024 年度版(架空),地域F
料率_甲,対象月初日,2024-03-01,2025-03-01,2024-02-01,,実値,0,9.80,合成の料率表 2024 年度版(架空),地域G
料率_甲,対象月初日,2024-03-01,2025-03-01,2024-02-01,,実値,0,9.85,合成の料率表 2024 年度版(架空),地域H
料率_甲,対象月初日,2024-03-01,2025-03-01,2024-02-01,,実値,0,9.90,合成の料率表 2024 年度版(架空),地域I
料率_甲,対象月初日,2024-03-01,2025-03-01,2024-02-01,,実値,0,9.95,合成の料率表 2024 年度版(架空),地域J
料率_甲,対象月初日,2024-03-01,2025-03-01,2024-02-01,,実値,0,10.00,合成の料率表 2024 年度版(架空),地域K
料率_甲,対象月初日,2024-03-01,2025-03-01,2024-02-01,,実値,0,10.05,合成の料率表 2024 年度版(架空),地域L
料率_甲,対象月初日,2025-03-01,2026-03-01,2025-02-05,,実値,0,9.60,合成の料率表 2025 年度版(架空),地域A
料率_甲,対象月初日,2025-03-01,2026-03-01,2025-02-05,,実値,0,9.65,合成の料率表 2025 年度版(架空),地域B
料率_甲,対象月初日,2025-03-01,2026-03-01,2025-02-05,,実値,0,9.70,合成の料率表 2025 年度版(架空),地域C
料率_甲,対象月初日,2025-03-01,2026-03-01,2025-02-05,,実値,0,9.75,合成の料率表 2025 年度版(架空),地域D
料率_甲,対象月初日,2025-03-01,2026-03-01,2025-02-05,,実値,0,9.80,合成の料率表 2025 年度版(架空),地域E
料率_甲,対象月初日,2025-03-01,2026-03-01,2025-02-05,,実値,0,9.85,合成の料率表 2025 年度版(架空),地域F
料率_甲,対象月初日,2025-03-01,2026-03-01,2025-02-05,,実値,0,9.90,合成の料率表 2025 年度版(架空),地域G
料率_甲,対象月初日,2025-03-01,2026-03-01,2025-02-05,,実値,0,9.95,合成の料率表 2025 年度版(架空),地域H
料率_甲,対象月初日,2025-03-01,2026-03-01,2025-02-05,,実値,0,10.00,合成の料率表 2025 年度版(架空),地域I
料率_甲,対象月初日,2025-03-01,2026-03-01,2025-02-05,,実値,0,10.05,合成の料率表 2025 年度版(架空),地域J
料率_甲,対象月初日,2025-03-01,2026-03-01,2025-02-05,,実値,0,10.10,合成の料率表 2025 年度版(架空),地域K
料率_甲,対象月初日,2025-03-01,2026-03-01,2025-02-05,,実値,0,10.15,合成の料率表 2025 年度版(架空),地域L
料率_甲,対象月初日,2026-03-01,,2026-02-10,,実値,0,9.70,合成の料率表 2026 年度版(架空),地域A
料率_甲,対象月初日,2026-03-01,,2026-02-10,,実値,0,9.75,合成の料率表 2026 年度版(架空),地域B
料率_甲,対象月初日,2026-03-01,,2026-02-10,,実値,0,9.80,合成の料率表 2026 年度版(架空),地域C
料率_甲,対象月初日,2026-03-01,,2026-02-10,,実値,0,9.85,合成の料率表 2026 年度版(架空),地域D
料率_甲,対象月初日,2026-03-01,,2026-02-10,,実値,0,9.90,合成の料率表 2026 年度版(架空),地域E
料率_甲,対象月初日,2026-03-01,,2026-02-10,,実値,0,9.95,合成の料率表 2026 年度版(架空),地域F
料率_甲,対象月初日,2026-03-01,,2026-02-10,,実値,0,10.00,合成の料率表 2026 年度版(架空),地域G
料率_甲,対象月初日,2026-03-01,,2026-02-10,,実値,0,10.05,合成の料率表 2026 年度版(架空),地域H
料率_甲,対象月初日,2026-03-01,,2026-02-10,,実値,0,10.10,合成の料率表 2026 年度版(架空),地域I
料率_甲,対象月初日,2026-03-01,,2026-02-10,,実値,0,10.15,合成の料率表 2026 年度版(架空),地域J
料率_甲,対象月初日,2026-03-01,,2026-02-10,,実値,0,10.20,合成の料率表 2026 年度版(架空),地域K
料率_甲,対象月初日,2026-03-01,,2026-02-10,,実値,0,10.25,合成の料率表 2026 年度版(架空),地域L
上限額_乙,請求日,2023-04-01,2024-04-01,2023-02-01,,実値,0,8400,合成の上限額通知 2023(架空),
上限額_乙,請求日,2024-04-01,2025-04-01,2024-02-01,,実値,0,8600,合成の上限額通知 2024(架空),
上限額_乙,請求日,2025-04-01,2026-04-01,2025-02-01,,実値,0,8800,合成の上限額通知 2025(架空),
上限額_乙,請求日,2026-04-01,,2026-02-01,,実値,0,9000,合成の上限額通知 2026(架空),
支給率_丙,対象月初日,2023-04-01,2025-04-01,2023-01-20,,実値,0,15,合成の改正通知 2023(架空),
支給率_丙,対象月初日,2025-04-01,,2024-06-10,,実値,0,10,合成の改正通知 2024(架空),
支給率_丙,対象月初日,2025-04-01,2030-04-01,2024-06-10,,実値,10,15,合成の改正通知 2024 附則(架空),
料率_甲,対象月初日,2025-06-01,2026-06-01,2025-02-05,,実値,0,9.99,合成の料率表 年度途中改定(架空),地域A
