key,basis,valid_from,valid_to,known_from,known_to,known_quality,priority,value,sel_地域
料率_甲,対象月初日,2024-03-01,2025-03-01,2024-02-01,,実値,0,9.50,地域A
料率_甲,対象月初日,2024-03-01,2025-03-01,2024-02-01,,実値,0,9.55,地域B
料率_甲,対象月初日,2024-03-01,2025-03-01,2024-02-01,,実値,0,9.60,地域C
料率_甲,対象月初日,2024-03-01,2025-03-01,2024-02-01,,実値,0,9.65,地域D
料率_甲,対象月初日,2024-03-01,2025-03-01,2024-02-01,,実値,0,9.70,地域E
料率_甲,対象月初日,2024-03-01,2025-03-01,2024-02-01,,実値,0,9.75,地域F
料率_甲,対象月初日,2024-03-01,2025-03-01,2024-02-01,,実値,0,9.80,地域G
料率_甲,対象月初日,2024-03-01,2025-03-01,2024-02-01,,実値,0,9.85,地域H
料率_甲,対象月初日,2024-03-01,2025-03-01,2024-02-01,,実値,0,9.90,地域I
料率_甲,対象月初日,2024-03-01,2025-03-01,2024-02-01,,実値,0,9.95,地域J
料率_甲,対象月初日,2024-03-01,2025-03-01,2024-02-01,,実値,0,10.00,地域K
料率_甲,対象月初日,2024-03-01,2025-03-01,2024-02-01,,実値,0,10.05,地域L
料率_甲,対象月初日,2025-03-01,2026-03-01,2025-02-05,,実値,0,9.60,地域A
料率_甲,対象月初日,2025-03-01,2026-03-01,2025-02-05,,実値,0,9.65,地域B
料率_甲,対象月初日,2025-03-01,2026-03-01,2025-02-05,,実値,0,9.70,地域C
料率_甲,対象月初日,2025-03-01,2026-03-01,2025-02-05,,実値,0,9.75,地域D
料率_甲,対象月初日,2025-03-01,2026-03-01,2025-02-05,,実値,0,9.80,地域E
料率_甲,対象月初日,2025-03-01,2026-03-01,2025-02-05,,実値,0,9.85,地域F
料率_甲,対象月初日,2025-03-01,2026-03-01,2025-02-05,,実値,0,9.90,地域G
料率_甲,対象月初日,2025-03-01,2026-03-01,2025-02-05,,実値,0,9.95,地域H
料率_甲,対象月初日,2025-03-01,2026-03-01,2025-02-05,,実値,0,10.00,地域I
料率_甲,対象月初日,2025-03-01,2026-03-01,2025-02-05,,実値,0,10.05,地域J
料率_甲,対象月初日,2025-03-01,2026-03-01,2025-02-05,,実値,0,10.10,地域K
料率_甲,対象月初日,2025-03-01,2026-03-01,2025-02-05,,実値,0,10.15,地域L
料率_甲,対象月初日,2026-03-01,,2026-02-10,,実値,0,9.70,地域A
料率_甲,対象月初日,2026-03-01,,2026-02-10,,実値,0,9.75,地域B
料率_甲,対象月初日,2026-03-01,,2026-02-10,,実値,0,9.80,地域C
料率_甲,対象月初日,2026-03-01,,2026-02-10,,実値,0,9.85,地域D
料率_甲,対象月初日,2026-03-01,,2026-02-10,,実値,0,9.90,地域E
料率_甲,対象月初日,2026-03-01,,2026-02-10,,実値,0,9.95,地域F
料率_甲,対象月初日,2026-03-01,,2026-02-10,,実値,0,10.00,地域G
料率_甲,対象月初日,2026-03-01,,2026-02-10,,実値,0,10.05,地域H
料率_甲,対象月初日,2026-03-01,,2026-02-10,,実値,0,10.10,地域I
料率_甲,対象月初日,2026-03-01,,2026-02-10,,実値,0,10.15,地域J
料率_甲,対象月初日,2026-03-01,,2026-02-10,,実値,0,10.20,地域K
料率_甲,対象月初日,2026-03-01,,2026-02-10,,実値,0,10.25,地域L
上限額_乙,請求日,2023-04-01,2024-04-01,2023-02-01,,実値,0,8400,
上限額_乙,請求日,2024-04-01,2025-04-01,2024-02-01,,実値,0,8600,
上限額_乙,請求日,2025-04-01,2026-04-01,2025-02-01,,実値,0,8800,
上限額_乙,請求日,2026-04-01,,2026-02-01,,実値,0,9000,
支給率_丙,対象月初日,2023-04-01,2025-04-01,2023-01-20,,実値,0,15,
支給率_丙,対象月初日,2025-04-01,,2024-06-10,,実値,0,10,
支給率_丙,対象月初日,2025-04-01,2030-04-01,2024-06-10,,実値,10,15,
