識別子,基本給,役職手当,通勤手当,保険料甲,保険料乙,源泉税,保険料の戻し,差引支給額
10001,182000,25000,4200,8472.10,5614.70,8298,,188815
10002,190000,,4500,8844.50,5861.50,7569,1200,173426
10003,200000,,,9310.00,6170.00,7768,,176752
10004,209000,25000,5100,9728.95,6447.65,9385,,213538
10005,218000,,5400,10147.90,6725.30,8694,,197833
10006,230000,,5700,10706.50,7095.50,9173,3400,212126
10007,236000,25000,6000,10985.80,7280.60,10471,,238262
10008,245000,,6300,11404.75,7558.25,9781,,222556
合計,1710000,75000,37200,79600,52753,71139,4600,1623308
