rule,selector,valid_from,valid_to,known_from,known_quality,priority,payload,source,source_file,source_row,source_sha256
保険料率_甲,地域=地域A,2026-03-01,,2026-02-10,実値,0,9.70,合成の料率表 2026 年度版(架空),moto_ryouritsu.csv,2,995a9e72d10370417205e3452889f7a82ce0ffbe83c86e5a8a9f3e1733a92745
保険料率_甲,地域=地域B,2026-03-01,,2026-02-10,実値,0,9.82,合成の料率表 2026 年度版(架空),moto_ryouritsu.csv,3,995a9e72d10370417205e3452889f7a82ce0ffbe83c86e5a8a9f3e1733a92745
保険料率_乙,地域=地域A,2026-03-01,,2026-03-01,仮置き,0,1.60,合成の料率表 2026 年度版(架空),moto_ryouritsu.csv,2,995a9e72d10370417205e3452889f7a82ce0ffbe83c86e5a8a9f3e1733a92745
最低賃金,地域=地域A,2025-10-01,,2025-08-05,実値,0,1120,合成の最低賃金表 2025 年度版(架空),moto_ryouritsu.csv,2,995a9e72d10370417205e3452889f7a82ce0ffbe83c86e5a8a9f3e1733a92745
限度額_丁,区分=区分1,2026-04-01,,2026-01-20,実値,0,357000,合成の限度額表 2026 年度版(架空),moto_gendogaku.csv,2,c94e585161cc8db0f52f43085815f1de90ab5ed842aabb3783fee602f201995b
保険料率_甲,地域=地域C,2026-03-01,,2026-02-10,実値,0,9.55,,moto_ryouritsu.csv,4,995a9e72d10370417205e3452889f7a82ce0ffbe83c86e5a8a9f3e1733a92745
保険料率_甲,地域=地域D,2026-03-01,,2026-02-10,実値,0,9.61,合成の料率表 2026 年度版(架空),moto_ryouritsu.csv,5,
保険料率_甲,地域=地域E,,,2026-02-10,実値,0,9.74,合成の料率表 2026 年度版(架空),moto_ryouritsu.csv,6,995a9e72d10370417205e3452889f7a82ce0ffbe83c86e5a8a9f3e1733a92745
保険料率_甲,地域=地域F,2026-03-01,,2026-03-01,,0,9.68,合成の料率表 2026 年度版(架空),moto_ryouritsu.csv,7,995a9e72d10370417205e3452889f7a82ce0ffbe83c86e5a8a9f3e1733a92745
保険料率_甲,地域=地域G,2026-03-01,,2026-02-10,実値,0,9.90,合成の料率表 2026 年度版(架空。公表の体裁だけをまねて出典の文字列を長くしてある行で、宣言された字数の上限を超えたときに、黙って切り詰めずに止まることを見るために置いている。値そのものは他の行と同じ作りで、原本も同じ 1 枚を指している),moto_ryouritsu.csv,8,995a9e72d10370417205e3452889f7a82ce0ffbe83c86e5a8a9f3e1733a92745
保険料率_丙,地域=地域A,2026-03-01,2026-09-01,2026-02-10,実値,0,2.40,合成の料率表 2026 年度版(架空),moto_ryouritsu.csv,2,995a9e72d10370417205e3452889f7a82ce0ffbe83c86e5a8a9f3e1733a92745
保険料率_丙,地域=地域A,2026-09-01,,2026-02-10,実値,10,2.55,合成の料率表 2026 年度版(架空),moto_ryouritsu.csv,2,995a9e72d10370417205e3452889f7a82ce0ffbe83c86e5a8a9f3e1733a92745
