社員番号,氏名,部署コード,支給年月日,支給合計,控除合計,差引支給額,備考
000101,山田 花子,10,20260925,312000,-48250,263750,新規
000102,佐藤 太郎,20,20260925,286500,-44120,242380,
000103,鈴木 一郎,30,20260925,240000,-38500,201500,再雇用
000104,高橋 みどり,10,20260925,268000,-41300,226700,
000105,伊藤 健,20,20260925,251000,-39650,211350,交替
000106,渡辺 さくら,30,20260925,305000,-47800,257200,
101,中村 大輔,10,20260925,298400,-45300,253100,
000108,小林 良子,20,20260925,３１２０００,-48250,263750,
000109,加藤 誠,30,20260925,287000,44120,242880,
000110,吉田 彩,10,20260925,312000,-48250,"263,750",
000111,山本 修,20,2026-09-25,264000,-40200,223800,
000112,中島 千尋,30,20260931,279000,-43100,235900,
000113,岡田 直樹,40,20260925,255000,-40000,215000,
000114,,10,20260925,243000,-37900,205100,
000115,長長長長長長長長長長長長長長長長長長長長長長長長長長長長長長長長長長長長長長長長長,20,20260925,261000,-41000,220000,
000116,森 陽子,30,20260925,99999999,-48250,263750,
00010A,池田 隆,10,20260925,272000,-42500,229500,
000118,原田 恵,20,令和8年9月25日,258000,-40800,217200,
